source,destination
regression/delivery_time_deviation/metrics.csv,BI/regression__delivery_time_deviation__metrics.csv
regression/fuel_consumption_rate/metrics.csv,BI/regression__fuel_consumption_rate__metrics.csv
regression/lead_time_days/metrics.csv,BI/regression__lead_time_days__metrics.csv
regression/shipping_costs/metrics.csv,BI/regression__shipping_costs__metrics.csv
regression/delivery_time_deviation/cv_metrics.csv,BI/regression__delivery_time_deviation__cv_metrics.csv
regression/fuel_consumption_rate/cv_metrics.csv,BI/regression__fuel_consumption_rate__cv_metrics.csv
regression/lead_time_days/cv_metrics.csv,BI/regression__lead_time_days__cv_metrics.csv
regression/shipping_costs/cv_metrics.csv,BI/regression__shipping_costs__cv_metrics.csv
time_series/nowcast_metrics.csv,BI/time_series__nowcast_metrics.csv
time_series/backtest_metrics.csv,BI/time_series__backtest_metrics.csv
classification/delay_probability_binary/classification_report.csv,BI/classification__delay_probability_binary__classification_report.csv
classification/risk_classification/classification_report.csv,BI/classification__risk_classification__classification_report.csv
classification/delay_probability_binary/score_bands.csv,BI/classification__delay_probability_binary__score_bands.csv
regression/delivery_time_deviation_quantiles/feature_importance_q50.csv,BI/regression__delivery_time_deviation_quantiles__feature_importance_q50.csv
regression/delivery_time_deviation_quantiles/quantile_metrics.csv,BI/regression__delivery_time_deviation_quantiles__quantile_metrics.csv
anomalies/anomalies_fuel_consumption_rate_scored.csv,BI/anomalies__anomalies_fuel_consumption_rate_scored.csv
anomalies/anomalies_iot_temperature_scored.csv,BI/anomalies__anomalies_iot_temperature_scored.csv
geospatial/points_with_clusters.csv,BI/geospatial__points_with_clusters.csv
geospatial/clusters_centroids.csv,BI/geospatial__clusters_centroids.csv
