feature,importance
num__driver_behavior_score_lag1,1068
num__handling_equipment_availability,1066
num__route_risk_level,1041
num__driver_behavior_score,1035
num__historical_demand,1025
num__weather_condition_severity,982
num__iot_temperature,980
num__port_congestion_level,962
num__traffic_congestion_level,951
num__distance_km_cum,938
num__customs_clearance_time,934
num__driver_behavior_score_lag2,923
num__distance_x_loading,915
num__driver_behavior_score_roll_mean6,894
num__supplier_reliability_score,851
num__distance_km,850
num__loading_unloading_time,849
num__driver_behavior_score_roll_mean3,814
num__supplier_x_risk,753
num__weekofyear,730
num__port_x_customs,693
num__hour,671
num__traffic_x_weather,614
num__dow,344
num__month,109
num__is_holiday_pt,8
num__is_bridge_pt,0
